Model,MAPE (%)
LightGBM,0.20803814184834848
DCLGM (Ensemble),0.2821818051155477
CatBoost,0.29002206540479525
Gradient Boosting,0.3697722027395478
XGBoost (DART),0.4138565622270107
XGBoost,0.4143614787608385
AdaBoost,0.8338886096645992
